{
  "display": {
    "icon": {
      "item": "minecraft:blackstone_wall"
    },
    "title": "technical do not look",
    "description": "we",
    "background": "minecraft:textures/gui/advancements/backgrounds/adventure.png",
    "frame": "task",
    "show_toast": false,
    "announce_to_chat": false,
    "hidden": false
  },
  "criteria": {
    "zombie": {
      "trigger": "minecraft:player_killed_entity",
      "conditions": {
        "player": {
          "type": "minecraft:player"
        },
        "entity": {
          "type": "minecraft:ender_dragon"
        }
      }
    }
  },
  "requirements": [
    []
  ],
  "rewards": {
    "function": "main:ender_dragon"
  }
}
