{
  "display": {
    "icon": {
      "item": "minecraft:blackstone_wall"
    },
    "title": "Betrayal",
    "description": "How could you",
    "background": "minecraft:textures/gui/advancements/backgrounds/adventure.png",
    "frame": "task",
    "show_toast": false,
    "announce_to_chat": false,
    "hidden": false
  },
  "criteria": {
    "zombie": {
      "trigger": "minecraft:entity_hurt_player",
      "conditions": {
        "player": {
          "type": "minecraft:player",
          "nbt": "{Tags:[\"near_zombie\"]}"
        }
      }
    }
  },
  "requirements": [
    [
      "zombie"
    ]
  ],
  "rewards": {
    "function": "main:attacked_by_zombie"
  }
}
